epoch,acc,loss,lr,top_3_accuracy
0,0.83790624999999996,0.47928204970061777,0.0001,0.92621874999999998
