epoch,acc,loss,lr,top_3_accuracy,val_acc,val_loss,val_top_3_accuracy
0,0.99689188456603839,0.062619525986483127,1.0,0.9999096478071523,0.47682801236180367,6.4100805669562577,0.6958462066598009
